phase,metal,config,stoich,exclude,z,T1,spec,sigt,sigt_1sm,sigt_1sp,sigt_10,sigt_20,sigt_80,sigt_90
beta,Na,120_4,120,4,z_all,300,"(0, 1000, 99900, 100)",3.402285,-0.4189418,7.106303,-1.06758,-0.07992529,6.450091,8.16578
beta,Na,120_4,120,4,z_all,300,"(0, 1000, 99800, 200)",2.546088,-0.2601876,5.674226,-0.5138077,-0.09270073,4.569388,7.325985
beta,Na,120_4,120,4,z_all,300,"(0, 1000, 99700, 300)",1.993052,-0.1982269,3.492007,-0.3900996,-0.1558837,2.995107,5.236481
beta,Na,120_4,120,4,z_all,300,"(0, 1000, 99500, 500)",1.543533,-0.208377,3.114336,-0.3012892,-0.1296288,2.553096,4.560207
beta,Na,120_4,120,4,z_all,300,"(0, 1000, 99000, 1000)",1.785533,0.1069816,3.547315,-0.04752522,0.1486198,3.125225,4.829407
beta,Na,120_4,120,4,z_all,300,"(0, 1000, 98000, 2000)",1.506858,0.1493612,2.573913,-0.007443528,0.2347089,2.402227,3.466819
beta,Na,120_4,120,4,z_all,300,"(0, 1000, 97000, 3000)",1.426853,0.1422729,2.435937,0.04269249,0.2657585,2.301351,3.303257
beta,Na,120_4,120,4,z_all,300,"(0, 1000, 95000, 5000)",1.361442,0.0914175,2.927127,-0.07050726,0.1986427,2.664304,3.447051
beta,Na,120_4,120,4,z_all,300,"(0, 1000, 90000, 10000)",1.145938,0.1233618,2.125902,0.01623307,0.2301887,1.83045,3.004173
beta,Na,120_4,120,4,z_all,300,"(0, 1000, 80000, 20000)",1.025463,0.2256086,2.090668,0.09847418,0.2881954,1.897039,2.207139
beta,Na,120_4,120,4,z_all,300,"(0, 1000, 70000, 30000)",1.304118,0.1849405,2.154017,0.0332303,0.4559291,2.07644,2.671875
beta,Na,120_4,120,4,z_all,300,"(0, 1000, 50000, 50000)",1.687095,0.03173476,3.059018,-0.03452333,0.08924045,2.981905,3.185641
beta,Na,120_4,120,4,z_all,300,"(0, 500, 99900, 100)",3.308725,-0.1503498,6.933948,-0.7107023,0.1356958,5.436391,7.95333
beta,Na,120_4,120,4,z_all,300,"(0, 100, 99900, 100)",3.053358,-0.1536215,6.395536,-0.6101602,0.03737466,5.296102,8.142053
beta,Na,120_4,120,4,z_all,600,"(0, 100, 99900, 100)",43.14489,3.087743,83.85257,-0.9967626,5.97413,73.09388,108.4081
beta,Na,120_4,120,4,z_all,1000,"(0, 100, 99900, 100)",195.9891,23.48334,370.932,5.523106,34.60015,310.3317,468.6893
beta,Na,120_4,120,4,z_all,300,"(0, 200, 99900, 100)",2.906428,-0.1955574,6.060645,-0.6132941,0.01898063,4.973669,7.722611
beta,Na,120_4,120,4,z_all,600,"(0, 200, 99900, 100)",43.45321,4.112914,83.63917,0.3367553,6.985001,72.14777,104.6655
beta,Na,120_4,120,4,z_all,1000,"(0, 200, 99900, 100)",208.1705,28.83137,377.0102,7.757864,37.93797,324.8743,482.2509
beta,Na,120_4,120,4,z_all,600,"(0, 500, 99900, 100)",44.84014,4.956154,93.473,-0.7512984,7.287744,78.23226,122.5793
beta,Na,120_4,120,4,z_all,1000,"(0, 500, 99900, 100)",195.5693,28.20883,316.8596,0.6909019,35.47094,277.2928,451.6338
beta,Na,120_4,120,4,z_all,300,"(0, 100, 99950, 50)",4.139393,-0.2823544,8.315478,-0.8130064,0.03868445,7.224789,11.19161
beta,Na,120_4,120,4,z_all,600,"(0, 100, 99950, 50)",49.13619,3.982705,95.60055,-0.8610529,7.20534,79.69422,123.8652
beta,Na,120_4,120,4,z_all,1000,"(0, 100, 99950, 50)",205.6075,20.87295,388.0583,1.457762,35.18657,341.0315,498.6968
beta,Na,120_4,120,4,z_all,300,"(0, 50, 99950, 50)",4.139786,-0.2694076,8.312481,-0.8151163,0.0545177,7.212347,11.11686
beta,Na,120_4,120,4,z_all,600,"(0, 50, 99950, 50)",47.1759,3.811046,92.13002,-1.130386,6.543455,77.2346,117.4436
beta,Na,120_4,120,4,z_all,1000,"(0, 50, 99950, 50)",199.4306,17.71889,384.0004,1.234019,30.14591,334.9834,496.1386
beta,Na,120_4,120,4,z_all,300,"(0, 200, 99800, 200)",2.327863,-0.06529596,4.555912,-0.4442673,0.1238079,4.067283,6.168474
beta,Na,120_4,120,4,z_all,600,"(0, 200, 99800, 200)",40.47659,2.628624,82.43959,-0.1280582,5.379216,68.58287,102.356
beta,Na,120_4,120,4,z_all,1000,"(0, 200, 99800, 200)",205.7442,20.07945,406.7376,-0.7401389,30.58656,364.7494,505.9897
beta,Na,120_4,120,4,z_all,300,"(0, 500, 99500, 500)",1.576386,-0.04521625,2.951933,-0.2411469,0.1102943,2.509732,3.852323
beta,Na,120_4,120,4,z_all,600,"(0, 500, 99500, 500)",39.17148,3.290387,76.18754,0.496674,4.69086,58.32611,91.89657
beta,Na,120_4,120,4,z_all,1000,"(0, 500, 99500, 500)",202.7163,20.36367,372.7718,-1.466963,28.04266,335.2252,511.0398
beta,Na,120_4,120,4,z_all,600,"(0, 1000, 99000, 1000)",39.03577,3.481095,76.48587,-0.2347496,5.243867,61.17642,99.04
beta,Na,120_4,120,4,z_all,1000,"(0, 1000, 99000, 1000)",223.3165,19.9124,417.7835,-0.07130794,21.99672,355.4141,514.0956
beta,Na,120_4,120,4,z_all,600,"(0, 1000, 98000, 2000)",40.14997,3.777993,66.28169,1.667135,5.923411,61.04613,95.29912
beta,Na,120_4,120,4,z_all,1000,"(0, 1000, 98000, 2000)",202.927,18.97602,343.1392,-5.254263,26.95041,315.5303,460.1153
beta,Na,120_4,120,4,z_all,600,"(0, 1000, 95000, 5000)",37.17836,7.874365,68.82045,3.588922,10.19462,62.23999,89.15787
beta,Na,120_4,120,4,z_all,1000,"(0, 1000, 95000, 5000)",179.3987,4.136763,386.973,-7.662476,26.75248,362.6926,415.0514
beta,Na,120_4,120,4,z_all,600,"(0, 1000, 90000, 10000)",39.52629,3.627368,79.08104,0.6922945,4.615524,71.1496,92.81328
beta,Na,120_4,120,4,z_all,1000,"(0, 1000, 90000, 10000)",149.2624,5.697888,285.1812,-8.545643,14.94765,262.6123,347.6343
beta,Na,120_4,120,4,z_all,600,"(0, 1000, 80000, 20000)",46.43286,3.330476,100.5539,1.004206,5.320222,93.05158,114.282
beta,Na,120_4,120,4,z_all,1000,"(0, 1000, 80000, 20000)",163.0703,1.39861,416.1504,-12.77075,12.99942,330.3244,447.79
beta,Na,120_4,120,4,z_all,600,"(0, 1000, 70000, 30000)",53.90086,0.4504648,112.2761,-0.3125997,2.375626,101.7745,131.0428
beta,Na,120_4,120,4,z_all,1000,"(0, 1000, 70000, 30000)",181.6635,5.658271,447.4519,-15.12838,8.85729,396.7516,536.8648
beta,Na,120_4,120,4,z_all,600,"(0, 1000, 50000, 50000)",67.45097,6.45047,179.1918,2.147743,7.250641,139.9307,187.8509
beta,Na,120_4,120,4,z_all,1000,"(0, 1000, 50000, 50000)",156.3853,20.03139,372.6734,14.01997,26.29214,349.9252,398.4393
beta,Na,120_4,120,4,z_all,300,"(0, 100, 8000, 2000)",0.6246872,-0.02532944,1.347316,-0.1522421,0.03545862,1.192169,1.59481
beta,Na,120_4,120,4,z_all,600,"(0, 100, 8000, 2000)",20.97283,2.08341,46.6068,-0.7393733,3.269982,35.57976,54.65429
beta,Na,120_4,120,4,z_all,1000,"(0, 100, 8000, 2000)",317.2137,107.7608,583.7497,71.97351,121.7298,447.1363,853.1653
beta,Na,120_M4,120,M4,z_all,300,"(0, 100, 8000, 2000)",4.861171,0.529103,10.5841,0.242867,1.063507,8.559354,12.53042
beta,Na,120_M4,120,M4,z_all,600,"(0, 100, 8000, 2000)",103.8222,-0.6816339,184.3737,-11.71921,4.941565,175.8924,278.8656
beta,Na,120_M4,120,M4,z_all,1000,"(0, 100, 8000, 2000)",554.0669,15.43865,1078.055,-10.70883,41.89591,928.7047,1941.135
beta,Na,120_4,120,4,z_all,300,"(0, 100, 7000, 3000)",0.6532869,-0.01646881,1.65056,-0.2649111,0.02887759,1.371793,1.794201
beta,Na,120_4,120,4,z_all,600,"(0, 100, 7000, 3000)",17.01257,3.479844,31.91545,2.700528,4.262881,29.18009,36.78155
beta,Na,120_4,120,4,z_all,1000,"(0, 100, 7000, 3000)",294.9515,103.8973,461.7014,40.67233,131.0711,349.4137,744.177
beta,Na,120_M4,120,M4,z_all,300,"(0, 100, 7000, 3000)",3.957842,-0.0001971498,9.072428,-0.5143522,0.253114,5.792918,13.31781
beta,Na,120_M4,120,M4,z_all,600,"(0, 100, 7000, 3000)",105.6164,8.697469,207.8285,0.1991661,19.63119,186.5877,271.1692
beta,Na,120_M4,120,M4,z_all,1000,"(0, 100, 7000, 3000)",358.8245,19.06552,793.0872,-11.45182,21.97234,726.1961,1027.951
bdp,Na,symm_1,symm,1,z_all,250,"(0, 100, 8000, 2000)",45.51436,4.250106,76.78187,1.907176,5.0664,73.1837,85.94421
bdp,Na,symm_1,symm,1,z_all,300,"(0, 100, 8000, 2000)",69.15408,2.694866,143.7227,-6.012272,3.418084,123.2421,164.8312
bdp,Na,symm_1,symm,1,z_all,353,"(0, 100, 8000, 2000)",271.9747,50.70254,539.9781,20.4009,71.23178,491.8612,636.4828
bdp,Na,symm_1,symm,1,z_all,423,"(0, 100, 8000, 2000)",185.6892,21.97188,326.9764,-3.63132,34.45774,281.8731,476.7389
bdp,Na,symm_1,symm,1,z_all,500,"(0, 100, 8000, 2000)",460.1136,174.6863,710.0042,152.6669,205.687,649.4894,812.0687
bdp,Na,symm_1,symm,1,z_all,600,"(0, 100, 8000, 2000)",680.5968,7.267393,1739.253,-24.83331,29.0792,1324.751,2638.46
bdp,Na,unsym_0,unsym,0,z_all,250,"(0, 100, 8000, 2000)",1.763425,-0.2872708,2.352187,-0.4432158,-0.1249842,2.022145,4.870393
bdp,Na,unsym_0,unsym,0,z_all,300,"(0, 100, 8000, 2000)",13.53096,0.1593181,24.73305,-0.513948,0.2332366,17.1522,62.27644
bdp,Na,unsym_0,unsym,0,z_all,353,"(0, 100, 8000, 2000)",109.0967,21.90133,173.2871,6.712158,25.95867,169.1881,185.8336
bdp,Na,unsym_0,unsym,0,z_all,423,"(0, 100, 8000, 2000)",281.7514,46.54574,605.642,29.12975,55.83567,543.6534,784.7397
bdp,Na,unsym_0,unsym,0,z_all,500,"(0, 100, 8000, 2000)",397.7758,55.3461,840.6634,31.46781,71.01055,729.0846,946.4942
bdp,Na,unsym_0,unsym,0,z_all,600,"(0, 100, 8000, 2000)",627.579,121.8792,1259.789,94.41522,171.1538,1201.898,1467.171
bdp,Na,symm_1,symm,1,z_all,250,"(0, 100, 9000, 1000)",40.87854,9.050767,84.84765,2.319012,10.23373,73.98595,96.3599
bdp,Na,symm_1,symm,1,z_all,300,"(0, 100, 9000, 1000)",85.57166,-3.588631,171.5645,-9.006049,1.531175,125.56,254.68
bdp,Na,symm_1,symm,1,z_all,353,"(0, 100, 9000, 1000)",302.9394,36.60547,576.2887,16.35306,42.33881,507.6814,729.1523
bdp,Na,symm_1,symm,1,z_all,423,"(0, 100, 9000, 1000)",245.0432,26.42349,425.8151,3.193487,42.61003,391.9651,513.6501
bdp,Na,symm_1,symm,1,z_all,500,"(0, 100, 9000, 1000)",544.9797,64.08662,984.1582,1.106021,99.44093,837.6985,1179.77
bdp,Na,symm_1,symm,1,z_all,600,"(0, 100, 9000, 1000)",863.3425,12.62039,1883.771,-9.57529,58.93835,1541.244,2743.151
bdp,Na,unsym_0,unsym,0,z_all,250,"(0, 100, 9000, 1000)",2.851485,-0.1202775,5.432149,-0.2795648,0.01718997,5.119876,7.540062
bdp,Na,unsym_0,unsym,0,z_all,300,"(0, 100, 9000, 1000)",12.93195,1.18534,24.86194,0.3578989,1.445041,21.83147,29.42758
bdp,Na,unsym_0,unsym,0,z_all,353,"(0, 100, 9000, 1000)",61.50142,10.52989,111.5445,3.166188,16.10671,101.048,139.2833
bdp,Na,unsym_0,unsym,0,z_all,423,"(0, 100, 9000, 1000)",196.6542,15.57171,448.7885,6.107285,26.19338,288.1454,601.9639
bdp,Na,unsym_0,unsym,0,z_all,500,"(0, 100, 9000, 1000)",448.4298,57.97709,873.2067,20.69643,75.32093,747.185,1052.378
bdp,Na,unsym_0,unsym,0,z_all,600,"(0, 100, 9000, 1000)",575.2287,86.43306,1044.996,42.74216,110.1466,969.4813,1445.47
bdp,Na,symm_1,symm,1,z_all,250,"(0, 100, 9500, 500)",37.74625,6.388946,72.94311,2.480417,9.570764,63.74566,95.93161
bdp,Na,symm_1,symm,1,z_all,300,"(0, 100, 9500, 500)",110.9043,10.52824,219.8508,3.950073,17.76172,184.4485,284.6679
bdp,Na,symm_1,symm,1,z_all,353,"(0, 100, 9500, 500)",284.5276,45.1925,570.1939,19.7769,54.131,484.3067,690.0941
bdp,Na,symm_1,symm,1,z_all,423,"(0, 100, 9500, 500)",331.5968,16.01222,570.7985,-12.91121,36.99087,534.8791,869.542
bdp,Na,symm_1,symm,1,z_all,500,"(0, 100, 9500, 500)",600.3192,121.6603,1076.298,-3.25406,173.0107,946.1662,1310.759
bdp,Na,symm_1,symm,1,z_all,600,"(0, 100, 9500, 500)",931.6348,59.57221,1894.079,-6.892947,83.11227,1593.494,2295.442
bdp,Na,unsym_0,unsym,0,z_all,250,"(0, 100, 9500, 500)",3.356166,-0.1989201,7.041386,-0.5380624,0.3632209,6.018429,8.660793
bdp,Na,unsym_0,unsym,0,z_all,300,"(0, 100, 9500, 500)",9.807451,0.4317929,17.76561,-0.4560507,1.252849,16.2308,21.59104
bdp,Na,unsym_0,unsym,0,z_all,353,"(0, 100, 9500, 500)",46.78524,4.436091,90.0569,2.502931,6.10847,79.88216,114.1993
bdp,Na,unsym_0,unsym,0,z_all,423,"(0, 100, 9500, 500)",189.6111,14.86041,388.488,-1.787733,22.36769,263.5959,674.5905
bdp,Na,unsym_0,unsym,0,z_all,500,"(0, 100, 9500, 500)",434.8021,74.33174,822.8814,27.87626,103.3816,656.081,905.8358
bdp,Na,unsym_0,unsym,0,z_all,600,"(0, 100, 9500, 500)",593.6519,77.40794,1158.031,13.5263,97.27688,1075.124,1369.48
bdp,Na,symm_1,symm,1,z_all,250,"(0, 100, 9800, 200)",42.25975,0.6136652,99.56674,-1.341056,2.304296,74.10879,114.0739
bdp,Na,symm_1,symm,1,z_all,300,"(0, 100, 9800, 200)",109.3112,6.382345,235.8559,-4.918302,12.3021,201.0857,307.9344
bdp,Na,symm_1,symm,1,z_all,353,"(0, 100, 9800, 200)",256.0743,26.34108,409.4205,16.19817,34.28247,387.5017,615.6516
bdp,Na,symm_1,symm,1,z_all,423,"(0, 100, 9800, 200)",381.6878,29.86639,839.7027,8.602034,43.78785,705.1481,986.5352
bdp,Na,symm_1,symm,1,z_all,500,"(0, 100, 9800, 200)",547.012,52.00241,1070.97,7.804358,65.92169,1006.779,1458.836
bdp,Na,symm_1,symm,1,z_all,600,"(0, 100, 9800, 200)",865.2848,146.9371,1605.947,35.64843,168.9785,1515.203,1957.637
bdp,Na,unsym_0,unsym,0,z_all,250,"(0, 100, 9800, 200)",4.514772,0.436512,8.970274,0.04742807,0.4959597,7.567069,12.8834
bdp,Na,unsym_0,unsym,0,z_all,300,"(0, 100, 9800, 200)",9.529956,0.9818551,15.76931,-1.099941,1.935106,13.32223,28.89119
bdp,Na,unsym_0,unsym,0,z_all,353,"(0, 100, 9800, 200)",43.92858,1.701543,85.74307,-1.825234,4.787166,73.28356,102.1168
bdp,Na,unsym_0,unsym,0,z_all,423,"(0, 100, 9800, 200)",178.8531,12.69557,361.2699,3.172958,21.44495,333.8137,472.2806
bdp,Na,unsym_0,unsym,0,z_all,500,"(0, 100, 9800, 200)",396.6615,70.24144,721.0396,41.3764,96.00779,626.9524,932.1126
bdp,Na,unsym_0,unsym,0,z_all,600,"(0, 100, 9800, 200)",576.5384,66.87643,1063.586,34.53567,98.30591,930.5515,1233.417
bdp,Na,symm_1,symm,1,z_all,250,"(0, 100, 9900, 100)",45.56571,1.362825,78.47648,-3.276407,4.938504,67.12942,116.8881
bdp,Na,symm_1,symm,1,z_all,300,"(0, 100, 9900, 100)",115.6767,7.313635,214.069,1.263103,11.90786,199.1862,275.3428
bdp,Na,symm_1,symm,1,z_all,353,"(0, 100, 9900, 100)",254.9328,28.64215,431.6781,11.60051,44.52765,376.6708,575.8506
bdp,Na,symm_1,symm,1,z_all,423,"(0, 100, 9900, 100)",367.6806,-0.2628257,840.7739,-40.08125,25.51373,760.5929,1102.008
bdp,Na,symm_1,symm,1,z_all,500,"(0, 100, 9900, 100)",510.6119,43.58191,964.7216,18.84209,72.30776,837.9417,1339.2
bdp,Na,symm_1,symm,1,z_all,600,"(0, 100, 9900, 100)",777.8966,121.7867,1287.08,61.72536,175.6087,1170.354,1811.512
bdp,Na,unsym_0,unsym,0,z_all,250,"(0, 100, 9900, 100)",6.483263,-0.3010908,12.88149,-1.164416,-0.0314649,9.635287,16.99365
bdp,Na,unsym_0,unsym,0,z_all,300,"(0, 100, 9900, 100)",10.4659,-0.3670854,17.07733,-1.092413,0.2797768,16.3,23.64947
bdp,Na,unsym_0,unsym,0,z_all,353,"(0, 100, 9900, 100)",43.76158,3.196341,83.03609,-1.568568,5.455548,74.12278,93.17132
bdp,Na,unsym_0,unsym,0,z_all,423,"(0, 100, 9900, 100)",181.8626,15.0545,362.0264,3.774423,17.93308,315.4843,407.7126
bdp,Na,unsym_0,unsym,0,z_all,500,"(0, 100, 9900, 100)",371.3847,61.15375,765.8278,43.34846,69.40544,642.0035,849.0202
bdp,Na,unsym_0,unsym,0,z_all,600,"(0, 100, 9900, 100)",530.5939,104.4861,915.0484,26.02494,119.8001,822.0364,1058.284
beta,Na,120_1,120,1,z_all,600,"(0, 100, 8000, 2000)",40.9112,10.77984,66.27618,4.845086,19.85991,60.88432,77.84963
beta,Ag,120_4,120,4,z_all,300,"(0, 100, 8000, 2000)",2.123054,0.3570277,4.183377,0.1282322,0.4470321,3.489428,5.635982
beta,Ag,120_4,120,4,z_all,600,"(0, 100, 8000, 2000)",43.46541,6.273567,93.24316,2.401533,9.151586,80.49067,101.6775
beta,K,120_4,120,4,z_all,300,"(0, 100, 8000, 2000)",0.02043955,-0.002075091,0.04051574,-0.005823585,-0.0006748497,0.03651474,0.0589173
beta,K,120_4,120,4,z_all,600,"(0, 100, 8000, 2000)",1.569325,-0.01565829,3.191084,-0.08063406,0.05176999,2.611732,4.760711
beta,Ag,120_4,120,4,z_all,300,"(0, 1000, 80000, 20000)",1.447733,0.3713156,2.465641,0.2498497,0.5309907,2.346131,2.706038
beta,Ag,120_4,120,4,z_all,600,"(0, 1000, 80000, 20000)",36.27872,4.032943,65.81764,2.236847,6.009245,56.22074,87.82191
beta,K,120_4,120,4,z_all,600,"(0, 1000, 80000, 20000)",0.8921269,0.2031687,1.55828,0.006880901,0.2605859,1.330907,2.020967
bdp,K,unsym_0,unsym,0,z_all,300,"(0, 100, 8000, 2000)",56.21816,6.346805,107.5851,0.8752219,7.826524,101.5349,124.7705
bdp,K,unsym_0,unsym,0,z_all,600,"(0, 100, 8000, 2000)",317.8146,106.9738,585.8846,81.37096,118.7669,571.1649,692.149
beta,K,120_4,120,4,z_all,373,"(0, 100, 8000, 2000)",0.04990763,0.001587197,0.1053172,-0.006656003,0.00431716,0.08390815,0.1331962
beta,K,120_4,120,4,z_all,473,"(0, 100, 8000, 2000)",0.5104873,0.01140665,1.190359,-0.005892062,0.02947435,0.6756865,1.461517
beta,K,120_4,120,4,z_all,750,"(0, 100, 8000, 2000)",3.869815,0.5568068,6.243883,0.2090565,0.7873093,5.112431,8.288264
beta,K,120_4,120,4,z_all,1000,"(0, 100, 8000, 2000)",19.46859,3.440916,35.74383,2.182334,5.837979,34.7491,37.31196
beta,K,120_4,120,4,z_all,1200,"(0, 100, 8000, 2000)",37.7762,11.08415,66.73299,2.529042,11.64257,60.25203,75.19374
beta,K,120_4,120,4,z_all,300,"(0, 1000, 80000, 20000)",0.007909344,0.001112121,0.01717821,0.0004656038,0.00154958,0.01439208,0.01982516
bdp,K,unsym_0,unsym,0,z_all,230,"(0, 100, 8000, 2000)",12.75263,3.605829,21.13113,1.967326,5.511126,20.7374,25.0533
bdp,K,unsym_0,unsym,0,z_all,473,"(0, 100, 8000, 2000)",381.6702,16.53401,810.5203,-6.022509,27.83473,766.9831,855.0937
bdp,Na,unsym_0,unsym,0,z_all,230,"(0, 1000, 80000, 20000)",0.8666017,0.08014898,1.296342,0.02983973,0.0899765,1.09121,2.939965
bdp,Na,unsym_0,unsym,0,z_all,300,"(0, 1000, 80000, 20000)",12.96778,3.478592,22.3025,1.864765,4.886565,21.14525,24.73112
bdp,Na,symm_1,symm,1,z_all,230,"(0, 1000, 80000, 20000)",20.385,1.403197,43.21158,-3.008622,2.415222,42.08672,45.99442
bdp,Na,symm_1,symm,1,z_all,300,"(0, 1000, 80000, 20000)",203.8117,49.41511,347.9569,25.70861,64.15309,331.7021,394.4581
bdp,Na,symm_1,symm,1,z_all,600,"(0, 1000, 80000, 20000)",526.0341,-4.568633,1167.454,-67.74008,25.52935,993.4648,1626.283
bdp,Na,unsym_0,unsym,0,z_all,600,"(0, 1000, 80000, 20000)",384.9107,18.88876,801.721,-33.33527,50.76836,731.1467,879.4514
bdp,K,unsym_0,unsym,0,z_all,230,"(0, 1000, 80000, 20000)",9.892165,0.6121876,20.13621,0.05261951,0.707483,16.78671,28.69754
bdp,K,unsym_0,unsym,0,z_all,300,"(0, 1000, 80000, 20000)",22.94592,3.795933,43.44809,0.8132481,4.824674,37.67206,49.76872
bdp,K,unsym_0,unsym,0,z_all,473,"(0, 1000, 80000, 20000)",383.4464,37.19663,734.2921,16.93197,55.45162,648.7188,969.9903
bdp,K,unsym_0,unsym,0,z_all,600,"(0, 1000, 80000, 20000)",852.9475,111.7136,2221.201,39.38605,138.3545,1195.379,2654.467
bdp,K,symm_1,symm,1,z_all,300,"(0, 100, 8000, 2000)",55.88208,6.04035,101.6915,0.0770589,8.978293,87.39785,133.2599
bdp,K,symm_1,symm,1,z_all,600,"(0, 100, 8000, 2000)",534.7045,259.9831,765.8824,226.2369,276.0758,714.3463,1120.971
bdp,Ag,unsym_0,unsym,0,z_all,300,"(0, 100, 8000, 2000)",2.345439,0.217172,4.507532,0.03893648,0.3735115,4.188337,4.802668
bdp,Ag,unsym_0,unsym,0,z_all,600,"(0, 100, 8000, 2000)",153.4044,8.216345,289.6185,-11.6638,26.3195,238.7432,385.6676
bdp,Na,symm_1,symm,1,z_all,230,"(0, 1000, 90000, 10000)",20.10116,3.086832,34.87674,1.904098,4.718165,28.9016,49.42636
bdp,Na,symm_1,symm,1,z_all,300,"(0, 1000, 90000, 10000)",133.3507,29.00241,235.1941,18.03184,34.53929,218.0321,339.3721
bdp,Na,symm_1,symm,1,z_all,600,"(0, 1000, 90000, 10000)",743.1189,128.6099,1428.237,27.08951,161.8072,1206.482,1725.543
bdp,Na,unsym_0,unsym,0,z_all,230,"(0, 1000, 90000, 10000)",0.7667183,0.03612395,1.061476,0.003210974,0.07987359,0.9892679,1.483527
bdp,Na,unsym_0,unsym,0,z_all,300,"(0, 1000, 90000, 10000)",12.02628,2.376334,20.54605,0.8312919,3.75473,19.53212,24.19671
bdp,Na,unsym_0,unsym,0,z_all,600,"(0, 1000, 90000, 10000)",556.7307,156.5082,895.6066,108.6838,180.9008,825.4394,1071.558
bdp,Na,unsym_0,unsym,0,z_all,230,"(0, 2500, 97500, 2500)",0.5223277,0.01349147,1.023715,-0.001405264,0.01809646,0.937712,1.221121
bdp,Na,unsym_0,unsym,0,z_all,300,"(0, 2500, 97500, 2500)",9.357488,0.9878867,14.66148,0.3879052,1.327894,13.81319,19.63891
bdp,Na,unsym_0,unsym,0,z_all,473,"(0, 2500, 97500, 2500)",359.5,79.05568,557.2995,42.48396,92.97188,483.0468,794.2296
bdp,Na,unsym_0,unsym,0,z_all,600,"(0, 2500, 97500, 2500)",600.7553,64.02081,1209.005,55.78422,112.0922,1073.349,1317.229
bdp,Na,symm_1,symm,1,z_all,230,"(0, 2500, 97500, 2500)",18.42561,2.573836,29.16012,0.7580546,3.070684,26.62367,34.49715
bdp,Na,symm_1,symm,1,z_all,300,"(0, 2500, 97500, 2500)",92.47687,6.550353,153.1033,0.3961281,10.60554,146.9472,214.9833
bdp,Na,symm_1,symm,1,z_all,473,"(0, 2500, 97500, 2500)",405.5251,80.61967,561.1741,23.21517,118.3828,532.1577,906.457
bdp,Na,symm_1,symm,1,z_all,600,"(0, 2500, 97500, 2500)",761.058,106.4625,1475.704,35.09499,111.7704,1384.118,1585.944
bdp,K,unsym_0,unsym,0,z_all,230,"(0, 2500, 97500, 2500)",6.737564,0.3484157,9.116298,-0.6606815,0.4625258,8.731378,13.08156
bdp,K,unsym_0,unsym,0,z_all,300,"(0, 2500, 97500, 2500)",35.51396,-0.01544338,66.52502,-1.093459,1.611096,61.91138,86.99437
bdp,K,unsym_0,unsym,0,z_all,473,"(0, 2500, 97500, 2500)",322.6624,44.83343,531.4482,35.86577,47.10903,425.4025,940.1938
bdp,K,unsym_0,unsym,0,z_all,600,"(0, 2500, 97500, 2500)",557.2204,70.35294,1041.408,43.14174,102.3881,893.6044,1448.803
bdp,K,symm_1,symm,1,z_all,300,"(0, 2500, 97500, 2500)",30.41339,20.64722,39.98523,18.28787,22.28677,39.38494,40.84906
bdp,K,symm_1,symm,1,z_all,600,"(0, 2500, 97500, 2500)",432.0931,246.8085,617.3294,234.5282,255.3423,609.0539,629.238
bdp,Ag,symm_1,symm,1,z_all,300,"(0, 100, 7500, 2500)",29.9748,6.410995,50.45801,4.963813,7.454172,45.70514,74.34761
bdp,Ag,symm_1,symm,1,z_all,600,"(0, 100, 7500, 2500)",88.28332,12.30854,206.5689,-32.60267,19.13216,158.0484,218.0318
bdp,Ag,unsym_0,unsym,0,z_all,300,"(0, 100, 7500, 2500)",2.27194,0.2838394,4.226728,0.2153249,0.3637034,3.733941,5.25356
bdp,Ag,unsym_0,unsym,0,z_all,600,"(0, 100, 7500, 2500)",148.6561,34.4123,284.1173,-6.532163,39.98348,248.0471,302.4482
beta,K,120_4,120,4,z_all,300,"(0, 2500, 97500, 2500)",0.006191836,-0.003499453,0.02103934,-0.01080113,-0.002963213,0.01765193,0.02283211
beta,K,120_4,120,4,z_all,600,"(0, 2500, 97500, 2500)",0.9078489,0.07735612,1.862944,-0.1627627,0.110745,1.690658,2.487251
beta,K,120_4,120,4,z_all,1000,"(0, 2500, 97500, 2500)",21.21872,5.08382,37.48216,3.511972,6.17612,35.7025,40.04312
beta,Ag,120_4,120,4,z_all,300,"(0, 2500, 97500, 2500)",1.893007,0.174251,3.318656,0.006717901,0.3322629,3.125657,3.79044
beta,Ag,120_4,120,4,z_all,600,"(0, 2500, 97500, 2500)",30.84768,7.807795,50.5595,4.416842,9.194474,47.03312,74.65096
beta,Ag,120_4,120,4,z_all,1000,"(0, 2500, 97500, 2500)",150.4182,100.383,203.0801,100.0321,100.6268,188.7889,223.6456
beta,Na,120_4,120,4,z_all,300,"(0, 2500, 97500, 2500)",1.346395,0.0007665683,2.764666,-0.193123,0.174646,2.288441,3.145023
beta,Na,120_4,120,4,z_all,600,"(0, 2500, 97500, 2500)",32.0618,8.592712,57.712,3.198546,10.07802,55.95012,59.76133
beta,Na,120_4,120,4,z_all,1000,"(0, 2500, 97500, 2500)",188.7371,24.72941,309.5924,22.48295,31.76904,278.7427,417.0126
bdp,Ag,unsym_0,unsym,0,z_all,300,"(0, 2500, 97500, 2500)",2.415346,0.08688066,4.484988,-0.1600274,0.302456,4.326537,5.52003
bdp,Ag,unsym_0,unsym,0,z_all,600,"(0, 2500, 97500, 2500)",181.6648,35.10154,303.7513,9.118296,48.1435,290.8682,360.6202
bdp,Ag,symm_1,symm,1,z_all,600,"(0, 2500, 97500, 2500)",112.6807,9.216084,214.8214,-16.70491,27.22897,203.8883,230.5544
bdp,Ag,symm_1,symm,1,z_all,300,"(0, 2500, 97500, 2500)",53.31336,6.20094,103.3498,5.522802,6.672188,87.24151,126.53
beta,Na,120_1,120,1,z_all,300,"(0, 2500, 97500, 2500)",1.081527,0.06208786,2.016651,-0.04194935,0.06506892,1.741705,2.906065
beta,Na,120_1,120,1,z_all,600,"(0, 2500, 97500, 2500)",29.38772,1.011533,59.0279,0.5837683,1.68129,40.27283,63.78667
bdp,Na,unsym_0,unsym,0,z_all,230,"(0, 2500, 297500, 2500)",0.4300568,0.01125366,0.9930271,-0.0120135,0.01858912,0.7375614,1.330111
bdp,Na,unsym_0,unsym,0,z_all,300,"(0, 2500, 297500, 2500)",9.556575,1.041897,15.6257,0.4026904,1.332756,14.15654,19.34658
bdp,Na,unsym_0,unsym,0,z_all,473,"(0, 2500, 297500, 2500)",356.615,80.35802,544.995,43.17915,94.99502,483.0079,793.587
bdp,Na,unsym_0,unsym,0,z_all,600,"(0, 2500, 297500, 2500)",598.0576,66.65195,1191.942,55.80082,122.8317,1062.399,1311.764
bdp,Na,unsym_0,unsym,0,z_all,230,"(0, 7500, 297500, 7500)",0.3950931,0.005904452,0.865804,-0.0041167,0.009424639,0.7191517,1.013476
bdp,Na,unsym_0,unsym,0,z_all,300,"(0, 7500, 297500, 7500)",9.359273,4.671307,17.06876,3.677018,4.71445,15.30763,17.31162
bdp,Na,unsym_0,unsym,0,z_all,473,"(0, 7500, 297500, 7500)",316.9478,62.0607,589.8295,32.37695,64.77426,518.5622,669.9605
bdp,Na,unsym_0,unsym,0,z_all,600,"(0, 7500, 297500, 7500)",602.032,112.5697,669.2154,60.39891,132.8199,657.2157,1212.479
bdp,Na,unsym_0,unsym,0,z_all,230,"(0, 7500, 292500, 7500)",0.4095106,0.006895132,0.8914523,0.0007713938,0.01210194,0.723593,1.014115
bdp,Na,unsym_0,unsym,0,z_all,300,"(0, 7500, 292500, 7500)",9.359273,4.671307,17.06876,3.677018,4.71445,15.30763,17.31162
bdp,Na,unsym_0,unsym,0,z_all,473,"(0, 7500, 292500, 7500)",316.9478,62.0607,589.8295,32.37695,64.77426,518.5622,669.9605
bdp,Na,unsym_0,unsym,0,z_all,600,"(0, 7500, 292500, 7500)",602.032,112.5697,669.2154,60.39891,132.8199,657.2157,1212.479
bdp,Ag,unsym_0,unsym,0,z_all,230,"(0, 2500, 97500, 2500)",0.1002711,-0.02770343,0.2866546,-0.09443342,-0.004890064,0.2375443,0.3608213
bdp,Ag,unsym_0,unsym,0,z_all,473,"(0, 2500, 97500, 2500)",122.728,16.94396,209.4857,7.433473,25.19332,195.839,302.0591
